competition,team,filename,width,height,mode,source_type,source_url_or_local_reference,source_mime,sha256,notes
farah-palmer-cup,Auckland Storm,womens-domestic__farah-palmer-cup__auckland-storm.png,450,450,RGBA,official,https://d26phqdbpt0w91.cloudfront.net/NonVideo/00e87145-483a-4b4f-8057-3e7675a92383.png,image/png,bdde6ce97c2b147d0d806539081963e79afd65313069a6a0b8099f8adc7f1a49,
farah-palmer-cup,Bay of Plenty Volcanix,womens-domestic__farah-palmer-cup__bay-of-plenty-volcanix.png,450,450,RGBA,official,https://prodcdn.sporty.co.nz/cms/10228/logo.png,image/png,25d2c4201f7d928ec5d2b17a3d8d3c5869ec4d8edb56e9cd2c861120f553f69a,
farah-palmer-cup,Canterbury,womens-domestic__farah-palmer-cup__canterbury.png,450,450,RGBA,official,https://cdn.prod.website-files.com/67b78bd2b63af40bd0e9d1b1/6a1906bfe0c9073d8ed82cba_CR_Logo%20Horizontal_Red.png,image/png,5c88f2ed81de8efd5877b75127b8008c998a8446e7dfe653ec722c379384b59b,
farah-palmer-cup,Counties Manukau Heat,womens-domestic__farah-palmer-cup__counties-manukau-heat.png,450,450,RGBA,official,https://d26phqdbpt0w91.cloudfront.net/NonVideo/9da08cae-f6a5-4b1c-be4e-6963e5411558.png,image/png,e034638e041b71d65de2cc34110709f9e1ed404fc84fb6ea6b4317b39b955429,
farah-palmer-cup,Hawke's Bay Tui,womens-domestic__farah-palmer-cup__hawkes-bay-tui.png,450,450,RGBA,official,https://prodcdn.sporty.co.nz/cms/2142/4755/menulogo_wo.png,image/png,6079314dbf4f97dff42eb215eb71c4082622a8fd17737718f9ad4968a89021e4,Official reverse/white mark retained on a dark panel for visibility.
farah-palmer-cup,Manawatu Cyclones,womens-domestic__farah-palmer-cup__manawatu-cyclones.png,450,450,RGBA,official,https://prodcdn.sporty.co.nz/cms/8752/16961/menulogo_wo.png,image/png,2a5a94db73f6dddf61ca8b9341973d4de18451476080ac8340470c5e98a84b72,
farah-palmer-cup,North Harbour Hibiscus,womens-domestic__farah-palmer-cup__north-harbour-hibiscus.png,450,450,RGBA,official,https://prodcdn.sporty.co.nz/cms/4557/12764/menulogo_wo.png,image/png,8d1ef30d3a4144728eced2d71b85820c33b46314cfedd706a02aaf76abe565a3,
farah-palmer-cup,Northland Kauri,womens-domestic__farah-palmer-cup__northland-kauri.png,450,450,RGBA,official,https://northlandrugby.co.nz/wp-content/uploads/2025/01/NRU-Logo-Dark-Blue-Horizontal.png,image/png,83cc76c601649487087035928d7f7e6f26eb90b9385733720ba764e094668c42,
farah-palmer-cup,Otago Spirit,womens-domestic__farah-palmer-cup__otago-spirit.png,450,450,RGBA,official,https://prodcdn.sporty.co.nz/cms/8013/logo.png,image/png,26780a04af7e87806eeb78be5cb11b9e17b906af32807ce44942177a1094b0e0,
farah-palmer-cup,Tasman Mako,womens-domestic__farah-palmer-cup__tasman-mako.png,450,450,RGBA,official,https://images.squarespace-cdn.com/content/v1/621fff7ae062bc355463c592/9e5034b3-cb58-4f63-bedf-4b9acc36b565/tasman-mako-01-01.png?format=1500w,image/png,31850a3c2128dd561500ac9c2f2e0fb387a93ce81ee7c98f9cca224c43b2f94f,
farah-palmer-cup,Waikato,womens-domestic__farah-palmer-cup__waikato.png,450,450,RGBA,official,https://prodcdn.sporty.co.nz/cms/6638/14846/menulogo_wo.png,application/octet-stream,4479d2478fd7836148c2abc4338ee950a88dcb07b4a8c6515499750573fbc3cd,
farah-palmer-cup,Wellington Pride,womens-domestic__farah-palmer-cup__wellington-pride.png,450,450,RGBA,official,https://www.wrfu.co.nz/fileadmin/_processed_/e/2/csm_Pride_Logo_2_2762b03603.png,image/png,e0eb8f38e8fa6d0d568f79889bb10337b989688401ac190872cb5a5942393ecc,
premiership-womens-rugby,Bristol Bears,womens-domestic__premiership-womens-rugby__bristol-bears-women.png,450,450,RGBA,official,https://media-cdn.incrowdsports.com/42a319fd-dccc-4066-af5b-f9bb81976fb6.png,image/png,afcb38432706b24c8d88426b14c3a809b7d3701d4546b2f627c3367482d6f8ca,
premiership-womens-rugby,Exeter Chiefs,womens-domestic__premiership-womens-rugby__exeter-chiefs-women.png,450,450,RGBA,official,https://media-cdn.incrowdsports.com/863c1b5e-90da-4c39-ac54-d609895c0bd1.png,image/png,f376a1c5b5078504e491b0dfea964841e2fbde74667cab11c78f3f255f623607,
premiership-womens-rugby,Gloucester Hartpury,womens-domestic__premiership-womens-rugby__gloucester-hartpury.png,450,450,RGBA,official,https://media-cdn.incrowdsports.com/4b48a7dd-a121-4ebf-85ab-26bfc2a09ff1.png,image/png,57640f3e35bb7cc140375509b3da743eecce81b7fafe4170de3fd6af49b3d635,
premiership-womens-rugby,Harlequins,womens-domestic__premiership-womens-rugby__harlequins-women.png,450,450,RGBA,official,https://media-cdn.incrowdsports.com/47bf9269-c941-4573-8fab-1e75985c6aea.png,image/png,573cd71bc1960fc7381fb164dd0209047e43fb8fe3ea50b4d75c3025ccb3c9f7,
premiership-womens-rugby,Leicester Tigers,womens-domestic__premiership-womens-rugby__leicester-tigers-women.png,450,450,RGBA,official,https://media-cdn.cortextech.io/1d19dbb2-0856-410b-adcf-b3f0da03a59d.png,image/png,d522133b3dfab4e6b57b99e946784fe99b9ee81cf66717509e8b888472639be8,Official reverse/white mark retained on a dark panel for visibility.
premiership-womens-rugby,Loughborough Lightning,womens-domestic__premiership-womens-rugby__loughborough-lightning.png,450,450,RGBA,official,https://media-cdn.incrowdsports.com/84a58806-b393-4007-8410-978afa8dd225.png,image/png,50082661de2f4d0a325b03408d1d7ed2ba1e2e8e0413709f4931b313c7c29ab9,
premiership-womens-rugby,Sale Sharks,womens-domestic__premiership-womens-rugby__sale-sharks-women.png,450,450,RGBA,official,https://media-cdn.incrowdsports.com/b6e4467d-4536-4dbf-bdc9-8331561198e1.png,image/png,2d667f21d7c85efe420f6ab74343a12176550d848b9e7e362d15bfa6969a7530,Official reverse/white mark retained on a dark panel for visibility.
premiership-womens-rugby,Saracens,womens-domestic__premiership-womens-rugby__saracens-women.png,450,450,RGBA,official,https://media-cdn.cortextech.io/2fbc952b-47e1-460d-865a-9c8685d96b5c.png,image/png,9124cbd1099a798962e958868cb050681deef425978f447790f9de1a65fb0884,Official reverse/white mark retained on a dark panel for visibility.
premiership-womens-rugby,Trailfinders Women,womens-domestic__premiership-womens-rugby__trailfinders-women.png,450,450,RGBA,official,https://media-cdn.incrowdsports.com/f42956b5-3fec-49ac-b984-ecc0e07524af.png,image/png,e276766ef0c88d75268777fae6c9f81df805afb0d4506eac75d284bf5f4a33d4,
super-rugby-aupiki,Blues,womens-domestic__super-rugby-aupiki__blues-women.png,450,450,RGBA,wikipedia,C:\Users\ShumpeiHamano\Desktop\ShumpeiWork\scratch\rugby-matchup-assets-publish\blues.png,local,7e8e87e603dc821b0fed78639cc0441e4d59e1549690839522dd850edd6d1cbf,Existing shared badge; source documented in references/branding/logos/club/README.md.
super-rugby-aupiki,Chiefs Manawa,womens-domestic__super-rugby-aupiki__chiefs-manawa.png,450,450,RGBA,official,https://chiefs.co.nz/wp-content/uploads/chiefs-manawa.png,image/png,0d7147c6a3e9190a68492b5cab82bf0447a2b617fc66be1d621b1264946a0621,
super-rugby-aupiki,Hurricanes Poua,womens-domestic__super-rugby-aupiki__hurricanes-poua.png,450,450,RGBA,official,https://www.hurricanes.co.nz/fileadmin/_processed_/2/4/csm_hurricanes13_poua_team_logo_1466cad7cd.png,image/png,fb18aeec06b4bd66f169a89bfad959ac25baa10923138f3834db9ce0cd3c9a53,
super-rugby-aupiki,Matatu,womens-domestic__super-rugby-aupiki__matatu.png,450,450,RGBA,official,https://images.squarespace-cdn.com/content/v1/61382e42fd9947291afd7d37/148b57f8-2d4e-4b6d-b370-46cf6f8ad64e/matatu%CC%84_primary_lightbkgd.png?format=1500w,image/png,675ed8720cd5dbcfe786a2449242b6ab7a25d6b1b8be8d3335b0b5333f6a699a,
super-rugby-womens,ACT Brumbies,womens-domestic__super-rugby-womens__act-brumbies-women.png,450,450,RGBA,wikipedia,C:\Users\ShumpeiHamano\Desktop\ShumpeiWork\scratch\rugby-matchup-assets-publish\act-brumbies.png,local,b075a3b873c9c514e3e6adfef1ef133b639bb1683443edc94cde3659e993c9a1,Existing shared badge; source documented in references/branding/logos/club/README.md.
super-rugby-womens,Fijian Drua,womens-domestic__super-rugby-womens__fijian-drua-women.png,450,450,RGBA,wikipedia,C:\Users\ShumpeiHamano\Desktop\ShumpeiWork\scratch\rugby-matchup-assets-publish\fijian-drua.png,local,81f3ce78427025744914f30d76e21e622cb8b3c95f2ce65e1ba7f2ef362d08c4,Existing shared reverse/white badge; retained on a dark panel for visibility.
super-rugby-womens,NSW Waratahs,womens-domestic__super-rugby-womens__nsw-waratahs-women.png,450,450,RGBA,wikipedia,C:\Users\ShumpeiHamano\Desktop\ShumpeiWork\scratch\rugby-matchup-assets-publish\nsw-waratahs.png,local,a001f374fb1b75464f25709eda4de8861151dc376c7e9673be7283d4317e53b5,Existing shared badge; source documented in references/branding/logos/club/README.md.
super-rugby-womens,Queensland Reds,womens-domestic__super-rugby-womens__queensland-reds-women.png,450,450,RGBA,wikipedia,C:\Users\ShumpeiHamano\Desktop\ShumpeiWork\scratch\rugby-matchup-assets-publish\queensland-reds.png,local,a02a5a4e30f21d36861fcb74d020e384b098090d3aa8e44402ffeb28e0e608f5,Existing shared badge; source documented in references/branding/logos/club/README.md.
super-rugby-womens,Western Force,womens-domestic__super-rugby-womens__western-force-women.png,450,450,RGBA,wikipedia,C:\Users\ShumpeiHamano\Desktop\ShumpeiWork\scratch\rugby-matchup-assets-publish\western-force.png,local,8f018636141c1a16007b4c1b2e51b2f01a93cfb563240fe6e5bc2edffc2d3f22,Existing shared badge; source documented in references/branding/logos/club/README.md.
celtic-challenge,Brython Thunder,womens-domestic__celtic-challenge__brython-thunder.png,450,450,RGBA,official,https://celticrugbycomp.com/wp-content/uploads/2025/05/Brython-Thunder-Logo-RGB.jpg,image/jpeg,6e2f8353e97baeab1809a7b1b5a859d48c86888148b3e5ef19522ca926879328,
celtic-challenge,Clovers,womens-domestic__celtic-challenge__clovers.png,450,450,RGBA,official,https://celticrugbycomp.com/wp-content/uploads/2025/05/Clovers-White-RGB-scaled.png,image/png,30e50364efeab7b92f1b04221db5807521bca4e36d3d3b71c52b172f8dbabbcd,Official reverse/white mark retained on a dark panel for visibility.
celtic-challenge,Edinburgh Rugby,womens-domestic__celtic-challenge__edinburgh-rugby-women.png,450,450,RGBA,wikipedia,C:\Users\ShumpeiHamano\Desktop\ShumpeiWork\scratch\rugby-matchup-assets-publish\edinburgh-rugby.png,local,1d4667e4b4f8a61a9595197a3fee1c58bdc96740eea38d548deb4c8d30ff1d0b,Existing shared badge; official competition uses the same club identity.
celtic-challenge,Glasgow Warriors,womens-domestic__celtic-challenge__glasgow-warriors-women.png,450,450,RGBA,wikipedia,C:\Users\ShumpeiHamano\Desktop\ShumpeiWork\scratch\rugby-matchup-assets-publish\glasgow-warriors.png,local,c5f37e06a7cde822289bcccd869e0e32ea149a1b5a5a5a0b793c2a6fd11d5873,Existing shared badge; official competition uses the same club identity.
celtic-challenge,Gwalia Lightning,womens-domestic__celtic-challenge__gwalia-lightning.png,450,450,RGBA,official,https://celticrugbycomp.com/wp-content/uploads/2025/05/Gwalia-Lightning-Logo-RGB.jpg,image/jpeg,5e2232cc2cba953fc2c4a62e01e153493631e498e6218fe17eecca6888f2d227,
celtic-challenge,Wolfhounds,womens-domestic__celtic-challenge__wolfhounds.png,450,450,RGBA,official,https://celticrugbycomp.com/wp-content/uploads/2025/05/Wolfhounds-White-RGB-scaled.png,image/png,25978c80795b1d2b7924198f9f385357be662b381f38c4113e64f92dc00aba6e,Official reverse/white mark retained on a dark panel for visibility.
